timestamp,parameters,makespan,exec_time,num_particles,max_iter,w,c1,c2,mutation_rate,max_stagnation,early_stopping_window,improvement_threshold,is_best
2025-04-10T05:04:45.214884,,1816,4.236214876174927,20,100,0.3,0.5,0.5,1,20,,0.01,True
2025-04-10T05:04:49.764963,,1802,4.550079107284546,20,100,0.3,0.5,0.75,1,20,,0.01,True
2025-04-10T05:04:54.766805,,1830,4.986266136169434,20,100,0.3,0.5,1,1,20,,0.01,False
2025-04-10T05:04:59.049651,,1779,4.282845735549927,20,100,0.3,0.75,0.5,1,20,,0.01,True
2025-04-10T05:05:04.539002,,1794,5.48935079574585,20,100,0.3,0.75,0.75,1,20,,0.01,False
2025-04-10T05:05:09.010826,,1840,4.456186771392822,20,100,0.3,0.75,1,1,20,,0.01,False
2025-04-10T05:05:15.633449,,1847,6.62262225151062,20,100,0.3,1,0.5,1,20,,0.01,False
2025-04-10T05:05:21.481640,,1780,5.832568883895874,20,100,0.3,1,0.75,1,20,,0.01,False
2025-04-10T05:05:27.854365,,1796,6.369776487350464,20,100,0.3,1,1,1,20,,0.01,False
2025-04-10T05:05:33.407279,,1871,5.552913427352905,20,100,0.5,0.5,0.5,1,20,,0.01,False
2025-04-10T05:05:39.388862,,1801,5.981583595275879,20,100,0.5,0.5,0.75,1,20,,0.01,False
2025-04-10T05:05:45.316663,,1846,5.92780065536499,20,100,0.5,0.5,1,1,20,,0.01,False
2025-04-10T05:05:50.578541,,1783,5.261877775192261,20,100,0.5,0.75,0.5,1,20,,0.01,False
2025-04-10T05:05:56.203662,,1820,5.6095428466796875,20,100,0.5,0.75,0.75,1,20,,0.01,False
2025-04-10T05:06:02.961763,,1839,6.758101224899292,20,100,0.5,0.75,1,1,20,,0.01,False
2025-04-10T05:06:08.829102,,1923,5.86633563041687,20,100,0.5,1,0.5,1,20,,0.01,False
2025-04-10T05:06:14.226013,,1831,5.396571636199951,20,100,0.5,1,0.75,1,20,,0.01,False
2025-04-10T05:06:22.362039,,1850,8.134780883789062,20,100,0.5,1,1,1,20,,0.01,False
2025-04-10T05:06:29.419077,,1796,7.057038307189941,20,100,0.8,0.5,0.5,1,20,,0.01,False
2025-04-10T05:06:36.742292,,1792,7.323214530944824,20,100,0.8,0.5,0.75,1,20,,0.01,False
2025-04-10T05:06:42.560139,,1866,5.8178465366363525,20,100,0.8,0.5,1,1,20,,0.01,False
2025-04-10T05:06:49.033999,,1796,6.473860740661621,20,100,0.8,0.75,0.5,1,20,,0.01,False
2025-04-10T05:06:54.538599,,1868,5.5045998096466064,20,100,0.8,0.75,0.75,1,20,,0.01,False
2025-04-10T05:07:00.778239,,1777,6.239639520645142,20,100,0.8,0.75,1,1,20,,0.01,True
2025-04-10T05:07:06.955068,,1852,6.176829814910889,20,100,0.8,1,0.5,1,20,,0.01,False
2025-04-10T05:07:12.443495,,1780,5.48842716217041,20,100,0.8,1,0.75,1,20,,0.01,False
2025-04-10T05:07:21.618664,,1803,9.175168752670288,20,100,0.8,1,1,1,20,,0.01,False
2025-04-10T05:07:28.262201,,1836,6.627872467041016,20,100,0.9,0.5,0.5,1,20,,0.01,False
2025-04-10T05:07:33.765342,,1878,5.487557888031006,20,100,0.9,0.5,0.75,1,20,,0.01,False
2025-04-10T05:07:40.081289,,1792,6.300365209579468,20,100,0.9,0.5,1,1,20,,0.01,False
2025-04-10T05:07:45.687404,,1813,5.590487957000732,20,100,0.9,0.75,0.5,1,20,,0.01,False
2025-04-10T05:07:51.574292,,1784,5.886888027191162,20,100,0.9,0.75,0.75,1,20,,0.01,False
2025-04-10T05:07:57.678021,,1818,6.102722644805908,20,100,0.9,0.75,1,1,20,,0.01,False
2025-04-10T05:08:03.519104,,1830,5.840066432952881,20,100,0.9,1,0.5,1,20,,0.01,False
2025-04-10T05:08:09.037594,,1846,5.518489599227905,20,100,0.9,1,0.75,1,20,,0.01,False
2025-04-10T05:08:14.838571,,1833,5.800976753234863,20,100,0.9,1,1,1,20,,0.01,False
2025-04-10T05:08:24.985020,,1759,10.146449327468872,20,200,0.3,0.5,0.5,1,20,,0.01,True
2025-04-10T05:08:35.271697,,1811,10.286677598953247,20,200,0.3,0.5,0.75,1,20,,0.01,False
2025-04-10T05:08:45.543815,,1764,10.272117853164673,20,200,0.3,0.5,1,1,20,,0.01,False
2025-04-10T05:08:56.348589,,1821,10.804773092269897,20,200,0.3,0.75,0.5,1,20,,0.01,False
2025-04-10T05:09:06.278044,,1742,9.929455518722534,20,200,0.3,0.75,0.75,1,20,,0.01,True
2025-04-10T05:09:18.251531,,1770,11.973487138748169,20,200,0.3,0.75,1,1,20,,0.01,False
2025-04-10T05:09:28.803479,,1784,10.536368370056152,20,200,0.3,1,0.5,1,20,,0.01,False
2025-04-10T05:09:40.763358,,1777,11.95987844467163,20,200,0.3,1,0.75,1,20,,0.01,False
2025-04-10T05:09:51.863796,,1818,11.100439071655273,20,200,0.3,1,1,1,20,,0.01,False
2025-04-10T05:10:03.184079,,1827,11.304702520370483,20,200,0.5,0.5,0.5,1,20,,0.01,False
2025-04-10T05:10:14.908838,,1778,11.709190607070923,20,200,0.5,0.5,0.75,1,20,,0.01,False
2025-04-10T05:10:27.009931,,1826,12.101093530654907,20,200,0.5,0.5,1,1,20,,0.01,False
2025-04-10T05:10:39.126439,,1750,12.116507768630981,20,200,0.5,0.75,0.5,1,20,,0.01,False
2025-04-10T05:10:56.115287,,1785,16.988848209381104,20,200,0.5,0.75,0.75,1,20,,0.01,Fale
2025-04-10T05:11:23.190260,,1788,27.059348583221436,20,200,0.5,0.75,1,1,20,,0.01,False
2025-04-10T05:11:46.233268,,1810,23.04300856590271,20,200,0.5,1,0.5,1,20,,0.01,False
2025-04-10T05:12:07.418614,,1794,21.18534517288208,20,200,0.5,1,0.75,1,20,,0.01,False
2025-04-10T05:12:31.292893,,1794,23.874279499053955,20,200,0.5,1,1,1,20,,0.01,False
2025-04-10T05:12:49.977141,,1777,18.684248685836792,20,200,0.8,0.5,0.5,1,20,,0.01,False
2025-04-10T05:13:12.770994,,1809,22.79385280609131,20,200,0.8,0.5,0.75,1,20,,0.01,False
2025-04-10T05:13:34.646710,,1782,21.875715255737305,20,200,0.8,0.5,1,1,20,,0.01,False
2025-04-10T05:13:55.006780,,1839,20.36007046699524,20,200,0.8,0.75,0.5,1,20,,0.01,False
2025-04-10T05:14:11.897122,,1775,16.890341758728027,20,200,0.8,0.75,0.75,1,20,,0.01,Fale
2025-04-10T05:14:31.786945,,1795,19.889822721481323,20,200,0.8,0.75,1,1,20,,0.01,False
2025-04-10T05:14:47.969163,,1776,16.18221879005432,20,200,0.8,1,0.5,1,20,,0.01,False
2025-04-10T05:15:04.766436,,1865,16.797272443771362,20,200,0.8,1,0.75,1,20,,0.01,False
2025-04-10T05:15:23.013251,,1756,18.231235027313232,20,200,0.8,1,1,1,20,,0.01,False
2025-04-10T05:15:40.544540,,1836,17.515664100646973,20,200,0.9,0.5,0.5,1,20,,0.01,False
2025-04-10T05:15:59.447345,,1812,18.90280508995056,20,200,0.9,0.5,0.75,1,20,,0.01,False
2025-04-10T05:16:19.449853,,1804,20.002508401870728,20,200,0.9,0.5,1,1,20,,0.01,False
2025-04-10T05:16:33.378632,,1847,13.913141012191772,20,200,0.9,0.75,0.5,1,20,,0.01,False
2025-04-10T05:16:47.544983,,1796,14.166351318359375,20,200,0.9,0.75,0.75,1,20,,0.01,Fale
2025-04-10T05:17:02.976395,,1786,15.43141222000122,20,200,0.9,0.75,1,1,20,,0.01,False
2025-04-10T05:17:21.267906,,1768,18.291510820388794,20,200,0.9,1,0.5,1,20,,0.01,False
2025-04-10T05:17:36.654241,,1793,15.386334896087646,20,200,0.9,1,0.75,1,20,,0.01,False
2025-04-10T05:17:53.490686,,1753,16.836445093154907,20,200,0.9,1,1,1,20,,0.01,False
2025-04-10T05:18:27.023303,,1724,33.53261661529541,20,500,0.3,0.5,0.5,1,20,,0.01,True
2025-04-10T05:18:58.759360,,1768,31.73605728149414,20,500,0.3,0.5,0.75,1,20,,0.01,False
2025-04-10T05:19:38.751007,,1748,39.9916467666626,20,500,0.3,0.5,1,1,20,,0.01,False
2025-04-10T05:20:11.720658,,1718,32.95407009124756,20,500,0.3,0.75,0.5,1,20,,0.01,True
2025-04-10T05:20:43.206807,,1772,31.486148357391357,20,500,0.3,0.75,0.75,1,20,,0.01,Fale
2025-04-10T05:21:23.134464,,1830,39.92765736579895,20,500,0.3,0.75,1,1,20,,0.01,False
2025-04-10T05:21:58.733642,,1760,35.599178314208984,20,500,0.3,1,0.5,1,20,,0.01,False
2025-04-10T05:22:36.717417,,1827,37.96818995475769,20,500,0.3,1,0.75,1,20,,0.01,False
2025-04-10T05:23:17.189757,,1753,40.47233963012695,20,500,0.3,1,1,1,20,,0.01,False
2025-04-10T05:23:54.556763,,1706,37.36700654029846,20,500,0.5,0.5,0.5,1,20,,0.01,True
2025-04-10T05:24:39.512370,,1699,44.94001913070679,20,500,0.5,0.5,0.75,1,20,,0.01,True
2025-04-10T05:25:15.029209,,1742,35.516839027404785,20,500,0.5,0.5,1,1,20,,0.01,False
2025-04-10T05:25:52.468617,,1761,37.43940806388855,20,500,0.5,0.75,0.5,1,20,,0.01,False
2025-04-10T05:26:29.004331,,1749,36.535714626312256,20,500,0.5,0.75,0.75,1,20,,0.01,Fale
2025-04-10T05:27:05.080486,,1743,36.07615423202515,20,500,0.5,0.75,1,1,20,,0.01,False
2025-04-10T05:27:42.217360,,1763,37.121249198913574,20,500,0.5,1,0.5,1,20,,0.01,False
2025-04-10T05:28:21.615757,,1769,39.38281512260437,20,500,0.5,1,0.75,1,20,,0.01,False
2025-04-10T05:29:00.441561,,1752,38.82580375671387,20,500,0.5,1,1,1,20,,0.01,False
2025-04-10T05:29:28.759054,,1759,28.317492485046387,20,500,0.8,0.5,0.5,1,20,,0.01,False
2025-04-10T05:30:00.745229,,1759,31.986175298690796,20,500,0.8,0.5,0.75,1,20,,0.01,False
2025-04-10T05:30:35.176278,,1794,34.43104863166809,20,500,0.8,0.5,1,1,20,,0.01,False
2025-04-10T05:31:05.971423,,1766,30.795145273208618,20,500,0.8,0.75,0.5,1,20,,0.01,False
2025-04-10T05:31:46.557884,,1791,40.58646106719971,20,500,0.8,0.75,0.75,1,20,,0.01,False
2025-04-10T05:32:22.440449,,1873,35.88256525993347,20,500,0.8,0.75,1,1,20,,0.01,False
2025-04-10T05:32:55.151963,,1743,32.71151375770569,20,500,0.8,1,0.5,1,20,,0.01,False
2025-04-10T05:33:26.881256,,1763,31.72929286956787,20,500,0.8,1,0.75,1,20,,0.01,False
2025-04-10T05:33:57.250027,,1817,30.36877155303955,20,500,0.8,1,1,1,20,,0.01,False
2025-04-10T05:34:27.103533,,1787,29.853505849838257,20,500,0.9,0.5,0.5,1,20,,0.01,False
2025-04-10T05:35:09.113851,,1763,42.01031756401062,20,500,0.9,0.5,0.75,1,20,,0.01,False
2025-04-10T05:36:02.237745,,1717,53.12389373779297,20,500,0.9,0.5,1,1,20,,0.01,False
2025-04-10T05:36:43.104832,,1747,40.867087602615356,20,500,0.9,0.75,0.5,1,20,,0.01,False
2025-04-10T05:37:24.317109,,1758,41.212276458740234,20,500,0.9,0.75,0.75,1,20,,0.01,False
2025-04-10T05:38:18.378456,,1744,54.061347246170044,20,500,0.9,0.75,1,1,20,,0.01,False
2025-04-10T05:38:56.195496,,1838,37.81704020500183,20,500,0.9,1,0.5,1,20,,0.01,False
2025-04-10T05:39:37.879549,,1761,41.68405294418335,20,500,0.9,1,0.75,1,20,,0.01,False
2025-04-10T05:40:27.170280,,1759,49.29073095321655,20,500,0.9,1,1,1,20,,0.01,False
2025-04-10T05:40:35.704887,,1818,8.534607172012329,30,100,0.3,0.5,0.5,1,20,,0.01,False
2025-04-10T05:40:45.274194,,1804,9.56930661201477,30,100,0.3,0.5,0.75,1,20,,0.01,False
2025-04-10T05:40:55.169829,,1801,9.89563536643982,30,100,0.3,0.5,1,1,20,,0.01,False
2025-04-10T05:41:04.111757,,1874,8.941928148269653,30,100,0.3,0.75,0.5,1,20,,0.01,False
2025-04-10T05:41:13.539296,,1790,9.427539348602295,30,100,0.3,0.75,0.75,1,20,,0.01,False
2025-04-10T05:41:23.891076,,1812,10.336151123046875,30,100,0.3,0.75,1,1,20,,0.01,False
2025-04-10T05:41:33.520644,,1845,9.629568099975586,30,100,0.3,1,0.5,1,20,,0.01,False
2025-04-10T05:41:42.715167,,1826,9.194523811340332,30,100,0.3,1,0.75,1,20,,0.01,False
2025-04-10T05:41:54.595914,,1819,11.865119695663452,30,100,0.3,1,1,1,20,,0.01,False
2025-04-10T05:42:05.179220,,1819,10.583306074142456,30,100,0.5,0.5,0.5,1,20,,0.01,False
2025-04-10T05:42:14.374763,,1824,9.179917573928833,30,100,0.5,0.5,0.75,1,20,,0.01,False
2025-04-10T05:42:26.019973,,1859,11.632040023803711,30,100,0.5,0.5,1,1,20,,0.01,False
2025-04-10T05:42:35.246472,,1836,9.2264986038208,30,100,0.5,0.75,0.5,1,20,,0.01,False
2025-04-10T05:42:47.366174,,1810,12.119702816009521,30,100,0.5,0.75,0.75,1,20,,0.01,False
2025-04-10T05:42:57.621860,,1810,10.255686044692993,30,100,0.5,0.75,1,1,20,,0.01,False
2025-04-10T05:43:06.317999,,1790,8.696138143539429,30,100,0.5,1,0.5,1,20,,0.01,False
2025-04-10T05:43:15.920175,,1816,9.602176666259766,30,100,0.5,1,0.75,1,20,,0.01,False
2025-04-10T05:43:27.269447,,1800,11.349271297454834,30,100,0.5,1,1,1,20,,0.01,False
2025-04-10T05:43:38.823850,,1787,11.554403305053711,30,100,0.8,0.5,0.5,1,20,,0.01,False
2025-04-10T05:43:50.708996,,1825,11.885145664215088,30,100,0.8,0.5,0.75,1,20,,0.01,False
2025-04-10T05:44:02.404308,,1778,11.679468393325806,30,100,0.8,0.5,1,1,20,,0.01,False
2025-04-10T05:44:13.537377,,1801,11.133068084716797,30,100,0.8,0.75,0.5,1,20,,0.01,False
2025-04-10T05:44:24.421460,,1881,10.868465423583984,30,100,0.8,0.75,0.75,1,20,,0.01,False
2025-04-10T05:44:36.916258,,1764,12.494797706604004,30,100,0.8,0.75,1,1,20,,0.01,False
2025-04-10T05:44:46.781162,,1819,9.864903211593628,30,100,0.8,1,0.5,1,20,,0.01,False
2025-04-10T05:44:57.461159,,1845,10.679997682571411,30,100,0.8,1,0.75,1,20,,0.01,False
2025-04-10T05:45:08.922960,,1783,11.446174383163452,30,100,0.8,1,1,1,20,,0.01,False
2025-04-10T05:45:21.165292,,1839,12.242331743240356,30,100,0.9,0.5,0.5,1,20,,0.01,False
2025-04-10T05:45:32.612749,,1819,11.447456359863281,30,100,0.9,0.5,0.75,1,20,,0.01,False
2025-04-10T05:45:45.168323,,1810,12.555574655532837,30,100,0.9,0.5,1,1,20,,0.01,False
2025-04-10T05:45:55.299573,,1825,10.131249904632568,30,100,0.9,0.75,0.5,1,20,,0.01,False
2025-04-10T05:46:06.808370,,1816,11.50879693031311,30,100,0.9,0.75,0.75,1,20,,0.01,False
2025-04-10T05:46:19.897254,,1858,13.088884115219116,30,100,0.9,0.75,1,1,20,,0.01,False
2025-04-10T05:46:29.917428,,1839,10.020173788070679,30,100,0.9,1,0.5,1,20,,0.01,False
2025-04-10T05:46:42.880448,,1776,12.963019847869873,30,100,0.9,1,0.75,1,20,,0.01,False
2025-04-10T05:46:56.061829,,1801,13.16576099395752,30,100,0.9,1,1,1,20,,0.01,False
2025-04-10T05:47:16.870844,,1768,20.80901527404785,30,200,0.3,0.5,0.5,1,20,,0.01,False
2025-04-10T05:47:39.243307,,1788,22.37246298789978,30,200,0.3,0.5,0.75,1,20,,0.01,False
2025-04-10T05:47:59.879790,,1821,20.63648247718811,30,200,0.3,0.5,1,1,20,,0.01,False
2025-04-10T05:48:23.574903,,1738,23.67948865890503,30,200,0.3,0.75,0.5,1,20,,0.01,False
2025-04-10T05:48:50.217985,,1804,26.643081426620483,30,200,0.3,0.75,0.75,1,20,,0.01,False
2025-04-10T05:49:11.015277,,1755,20.797292709350586,30,200,0.3,0.75,1,1,20,,0.01,False
2025-04-10T05:49:25.682479,,1760,14.66720199584961,30,200,0.3,1,0.5,1,20,,0.01,False
2025-04-10T05:49:41.018954,,1800,15.320855379104614,30,200,0.3,1,0.75,1,20,,0.01,False
2025-04-10T05:49:57.747994,,1851,16.729040384292603,30,200,0.3,1,1,1,20,,0.01,False
2025-04-10T05:50:13.670453,,1761,15.921914339065552,30,200,0.5,0.5,0.5,1,20,,0.01,False
2025-04-10T05:50:31.024004,,1764,17.35185170173645,30,200,0.5,0.5,0.75,1,20,,0.01,False
2025-04-10T05:50:50.487984,,1737,19.463979721069336,30,200,0.5,0.5,1,1,20,,0.01,False
2025-04-10T05:51:05.578848,,1765,15.090864181518555,30,200,0.5,0.75,0.5,1,20,,0.01,False
2025-04-10T05:51:23.717043,,1747,18.138194799423218,30,200,0.5,0.75,0.75,1,20,,0.01,False
2025-04-10T05:51:41.195949,,1811,17.478906631469727,30,200,0.5,0.75,1,1,20,,0.01,False
2025-04-10T05:51:57.482610,,1787,16.28666043281555,30,200,0.5,1,0.5,1,20,,0.01,False
2025-04-10T05:52:13.634380,,1762,16.151769876480103,30,200,0.5,1,0.75,1,20,,0.01,False
2025-04-10T05:52:34.635448,,1769,21.001068115234375,30,200,0.5,1,1,1,20,,0.01,False
2025-04-10T05:52:52.319682,,1812,17.684233903884888,30,200,0.8,0.5,0.5,1,20,,0.01,False
2025-04-10T05:53:11.522686,,1818,19.203003883361816,30,200,0.8,0.5,0.75,1,20,,0.01,False
2025-04-10T05:53:30.131982,,1787,18.609296321868896,30,200,0.8,0.5,1,1,20,,0.01,False
2025-04-10T05:53:46.929024,,1778,16.78015899658203,30,200,0.8,0.75,0.5,1,20,,0.01,False
2025-04-10T05:54:03.819001,,1878,16.88997721672058,30,200,0.8,0.75,0.75,1,20,,0.01,False
2025-04-10T05:54:21.953009,,1770,18.131808757781982,30,200,0.8,0.75,1,1,20,,0.01,False
2025-04-10T05:54:39.088348,,1756,17.119673252105713,30,200,0.8,1,0.5,1,20,,0.01,False
2025-04-10T05:54:57.351159,,1766,18.262810707092285,30,200,0.8,1,0.75,1,20,,0.01,False
2025-04-10T05:55:17.193791,,1799,19.84263253211975,30,200,0.8,1,1,1,20,,0.01,False
2025-04-10T05:55:34.674132,,1755,17.48034119606018,30,200,0.9,0.5,0.5,1,20,,0.01,False
2025-04-10T05:55:53.423597,,1804,18.749464988708496,30,200,0.9,0.5,0.75,1,20,,0.01,False
2025-04-10T05:56:16.128081,,1757,22.7044837474823,30,200,0.9,0.5,1,1,20,,0.01,False
2025-04-10T05:56:34.881456,,1792,18.75337529182434,30,200,0.9,0.75,0.5,1,20,,0.01,False
2025-04-10T05:56:56.491304,,1804,21.60984754562378,30,200,0.9,0.75,0.75,1,20,,0.01,False
2025-04-10T05:57:14.723386,,1817,18.23208212852478,30,200,0.9,0.75,1,1,20,,0.01,False
2025-04-10T05:57:33.549070,,1772,18.825684070587158,30,200,0.9,1,0.5,1,20,,0.01,False
2025-04-10T05:57:53.173418,,1781,19.624348402023315,30,200,0.9,1,0.75,1,20,,0.01,False
2025-04-10T05:58:12.512120,,1824,19.338701248168945,30,200,0.9,1,1,1,20,,0.01,False
2025-04-10T05:58:50.407451,,1737,37.89533066749573,30,500,0.3,0.5,0.5,1,20,,0.01,False
2025-04-10T05:59:30.463691,,1728,40.040664196014404,30,500,0.3,0.5,0.75,1,20,,0.01,False
2025-04-10T06:00:13.950966,,1742,43.48727488517761,30,500,0.3,0.5,1,1,20,,0.01,False
2025-04-10T06:00:57.178718,,1735,43.21211767196655,30,500,0.3,0.75,0.5,1,20,,0.01,False
2025-04-10T06:01:44.260141,,1813,47.08142304420471,30,500,0.3,0.75,0.75,1,20,,0.01,False
2025-04-10T06:02:32.525239,,1731,48.265097856521606,30,500,0.3,0.75,1,1,20,,0.01,False
2025-04-10T06:03:10.915263,,1770,38.39002466201782,30,500,0.3,1,0.5,1,20,,0.01,False
2025-04-10T06:03:54.172083,,1737,43.25681948661804,30,500,0.3,1,0.75,1,20,,0.01,False
2025-04-10T06:04:34.718340,,1741,40.54625749588013,30,500,0.3,1,1,1,20,,0.01,False
2025-04-10T06:05:16.921885,,1726,42.20354437828064,30,500,0.5,0.5,0.5,1,20,,0.01,False
2025-04-10T06:05:56.592479,,1798,39.670594215393066,30,500,0.5,0.5,0.75,1,20,,0.01,False
2025-04-10T06:06:38.861510,,1735,42.269030809402466,30,500,0.5,0.5,1,1,20,,0.01,False
2025-04-10T06:07:17.451915,,1749,38.590404987335205,30,500,0.5,0.75,0.5,1,20,,0.01,False
2025-04-10T06:07:59.428477,,1742,41.960981607437134,30,500,0.5,0.75,0.75,1,20,,0.01,False
2025-04-10T06:08:41.622151,,1750,42.19160056114197,30,500,0.5,0.75,1,1,20,,0.01,False
2025-04-10T06:09:24.762178,,1716,43.12442994117737,30,500,0.5,1,0.5,1,20,,0.01,False
2025-04-10T06:10:13.610960,,1753,48.84878134727478,30,500,0.5,1,0.75,1,20,,0.01,False
2025-04-10T06:10:56.094768,,1737,42.483808755874634,30,500,0.5,1,1,1,20,,0.01,False
2025-04-10T06:11:40.179875,,1749,44.08510613441467,30,500,0.8,0.5,0.5,1,20,,0.01,False
2025-04-10T06:12:27.166396,,1738,46.98652172088623,30,500,0.8,0.5,0.75,1,20,,0.01,False
2025-04-10T06:13:12.765798,,1755,45.59940147399902,30,500,0.8,0.5,1,1,20,,0.01,False
2025-04-10T06:13:58.921996,,1756,46.156198263168335,30,500,0.8,0.75,0.5,1,20,,0.01,False
2025-04-10T06:14:41.644632,,1756,42.7226357460022,30,500,0.8,0.75,0.75,1,20,,0.01,False
2025-04-10T06:15:35.937923,,1727,54.27770972251892,30,500,0.8,0.75,1,1,20,,0.01,False
2025-04-10T06:16:19.403326,,1766,43.46540355682373,30,500,0.8,1,0.5,1,20,,0.01,False
2025-04-10T06:17:15.739153,,1734,56.320162296295166,30,500,0.8,1,0.75,1,20,,0.01,False
2025-04-10T06:18:04.725686,,1749,48.986533403396606,30,500,0.8,1,1,1,20,,0.01,False
2025-04-10T06:18:45.879119,,1776,41.153432846069336,30,500,0.9,0.5,0.5,1,20,,0.01,False
2025-04-10T06:19:33.782790,,1769,47.90367031097412,30,500,0.9,0.5,0.75,1,20,,0.01,False
2025-04-10T06:20:28.426936,,1753,54.64414668083191,30,500,0.9,0.5,1,1,20,,0.01,False
2025-04-10T06:21:15.567342,,1711,47.140405893325806,30,500,0.9,0.75,0.5,1,20,,0.01,False
2025-04-10T06:22:00.403701,,1754,44.83635854721069,30,500,0.9,0.75,0.75,1,20,,0.01,False
2025-04-10T06:22:49.096133,,1753,48.69243240356445,30,500,0.9,0.75,1,1,20,,0.01,False
2025-04-10T06:23:32.331053,,1796,43.23491954803467,30,500,0.9,1,0.5,1,20,,0.01,False
2025-04-10T06:24:17.171464,,1742,44.84041142463684,30,500,0.9,1,0.75,1,20,,0.01,False
2025-04-10T06:25:14.360543,,1698,57.18907880783081,30,500,0.9,1,1,1,20,,0.01,True
2025-04-10T06:25:26.554715,,1885,12.178552150726318,50,100,0.3,0.5,0.5,1,20,,0.01,False
2025-04-10T06:25:39.020625,,1801,12.450333595275879,50,100,0.3,0.5,0.75,1,20,,0.01,False
2025-04-10T06:25:51.467563,,1835,12.446938276290894,50,100,0.3,0.5,1,1,20,,0.01,False
2025-04-10T06:26:03.259681,,1735,11.792117595672607,50,100,0.3,0.75,0.5,1,20,,0.01,False
2025-04-10T07:57:48.221848,,1767,38.42722535133362,50,100,0.3,0.5,0.5,1,20,,0.01,True
2025-04-10T07:58:18.375707,,1734,30.15385913848877,50,100,0.3,0.5,0.75,1,20,,0.01,True
2025-04-10T07:58:51.133156,,1778,32.741780519485474,50,100,0.3,0.5,1,1,20,,0.01,False
2025-04-10T07:59:24.731367,,1797,33.59821152687073,50,100,0.3,0.75,0.5,1,20,,0.01,False
2025-04-10T07:59:56.562058,,1767,31.83069133758545,50,100,0.3,0.75,0.75,1,20,,0.01,False
2025-04-10T08:00:32.849991,,1834,36.287933111190796,50,100,0.3,0.75,1,1,20,,0.01,False
2025-04-10T08:01:05.537768,,1881,32.67215919494629,50,100,0.3,1,0.5,1,20,,0.01,False
2025-04-10T08:01:35.862511,,1767,30.324743509292603,50,100,0.3,1,0.75,1,20,,0.01,False
2025-04-10T08:02:15.203019,,1875,39.3405077457428,50,100,0.3,1,1,1,20,,0.01,False
2025-04-10T08:02:44.839277,,1744,29.63625741004944,50,100,0.5,0.5,0.5,1,20,,0.01,False
2025-04-10T08:03:18.651477,,1781,33.79657793045044,50,100,0.5,0.5,0.75,1,20,,0.01,False
2025-04-10T08:03:51.758279,,1791,33.104275941848755,50,100,0.5,0.5,1,1,20,,0.01,False
2025-04-10T08:04:25.417125,,1806,33.65884590148926,50,100,0.5,0.75,0.5,1,20,,0.01,False
2025-04-10T08:05:05.014411,,1797,39.597285747528076,50,100,0.5,0.75,0.75,1,20,,0.01,False
2025-04-10T08:05:39.977660,,1782,34.9435498714447,50,100,0.5,0.75,1,1,20,,0.01,False
2025-04-10T08:06:12.887518,,1748,32.90809941291809,50,100,0.5,1,0.5,1,20,,0.01,False
2025-04-10T08:06:57.091156,,1825,44.200583696365356,50,100,0.5,1,0.75,1,20,,0.01,False
2025-04-10T08:07:38.021503,,1797,40.930347204208374,50,100,0.5,1,1,1,20,,0.01,False
2025-04-10T08:08:22.416035,,1774,44.394532442092896,50,100,0.8,0.5,0.5,1,20,,0.01,False
2025-04-10T08:09:02.146357,,1790,39.730321168899536,50,100,0.8,0.5,0.75,1,20,,0.01,False
2025-04-10T08:10:01.681489,,1779,59.53255844116211,50,100,0.8,0.5,1,1,20,,0.01,False
2025-04-10T08:10:58.485544,,1760,56.804054260253906,50,100,0.8,0.75,0.5,1,20,,0.01,False
2025-04-10T08:11:41.201069,,1812,42.709872245788574,50,100,0.8,0.75,0.75,1,20,,0.01,False
2025-04-10T08:12:28.366020,,1811,47.15969681739807,50,100,0.8,0.75,1,1,20,,0.01,False
2025-04-10T08:13:11.483313,,1814,43.11166024208069,50,100,0.8,1,0.5,1,20,,0.01,False
2025-04-10T08:13:58.794422,,1813,47.307061433792114,50,100,0.8,1,0.75,1,20,,0.01,False
2025-04-10T08:14:44.726657,,1783,45.931727170944214,50,100,0.8,1,1,1,20,,0.01,False
2025-04-10T08:15:31.387429,,1822,46.64514970779419,50,100,0.9,0.5,0.5,1,20,,0.01,False
2025-04-10T08:16:07.265653,,1764,35.86264944076538,50,100,0.9,0.5,0.75,1,20,,0.01,False
2025-04-10T08:16:36.121228,,1789,28.851873874664307,50,100,0.9,0.5,1,1,20,,0.01,False
2025-04-10T08:16:49.563845,,1856,13.442617416381836,50,100,0.9,0.75,0.5,1,20,,0.01,False
2025-04-10T08:17:05.368708,,1844,15.80486249923706,50,100,0.9,0.75,0.75,1,20,,0.01,False
2025-04-10T08:17:21.283317,,1808,15.91460919380188,50,100,0.9,0.75,1,1,20,,0.01,False
2025-04-10T08:17:39.027081,,1852,17.743764638900757,50,100,0.9,1,0.5,1,20,,0.01,False
2025-04-10T08:17:53.958758,,1832,14.931676149368286,50,100,0.9,1,0.75,1,20,,0.01,False
2025-04-10T08:18:09.357072,,1823,15.382689237594604,50,100,0.9,1,1,1,20,,0.01,False
2025-04-10T08:18:37.792254,,1714,28.435182332992554,50,200,0.3,0.5,0.5,1,20,,0.01,True
2025-04-10T08:19:03.583358,,1728,25.791104555130005,50,200,0.3,0.5,0.75,1,20,,0.01,False
2025-04-10T08:19:37.633410,,1769,34.05005168914795,50,200,0.3,0.5,1,1,20,,0.01,False
2025-04-10T08:20:04.931480,,1716,27.298069953918457,50,200,0.3,0.75,0.5,1,20,,0.01,False
2025-04-10T08:20:32.384396,,1742,27.452915906906128,50,200,0.3,0.75,0.75,1,20,,0.01,False
2025-04-10T08:20:59.958798,,1725,27.574402332305908,50,200,0.3,0.75,1,1,20,,0.01,False
2025-04-10T08:21:24.426875,,1775,24.468076467514038,50,200,0.3,1,0.5,1,20,,0.01,False
2025-04-10T08:21:51.186674,,1828,26.74417519569397,50,200,0.3,1,0.75,1,20,,0.01,False
2025-04-10T08:22:20.623594,,1745,29.436920166015625,50,200,0.3,1,1,1,20,,0.01,False
2025-04-10T08:22:46.060841,,1776,25.437246799468994,50,200,0.5,0.5,0.5,1,20,,0.01,False
2025-04-10T08:23:17.691109,,1757,31.630268335342407,50,200,0.5,0.5,0.75,1,20,,0.01,False
2025-04-10T08:23:46.860759,,1736,29.169649839401245,50,200,0.5,0.5,1,1,20,,0.01,False
2025-04-10T08:24:14.395358,,1756,27.53459906578064,50,200,0.5,0.75,0.5,1,20,,0.01,False
2025-04-10T08:24:40.861000,,1759,26.465641975402832,50,200,0.5,0.75,0.75,1,20,,0.01,False
2025-04-10T08:25:12.407025,,1722,31.530402898788452,50,200,0.5,0.75,1,1,20,,0.01,False
2025-04-10T08:25:39.529652,,1775,27.122626781463623,50,200,0.5,1,0.5,1,20,,0.01,False
2025-04-10T08:26:05.953105,,1749,26.423453092575073,50,200,0.5,1,0.75,1,20,,0.01,False
2025-04-10T08:26:33.781145,,1762,27.82803964614868,50,200,0.5,1,1,1,20,,0.01,False
2025-04-10T08:27:05.771779,,1747,31.990634441375732,50,200,0.8,0.5,0.5,1,20,,0.01,False
2025-04-10T08:27:35.509202,,1749,29.737422943115234,50,200,0.8,0.5,0.75,1,20,,0.01,False
2025-04-10T08:28:05.654219,,1762,30.145016193389893,50,200,0.8,0.5,1,1,20,,0.01,False
2025-04-10T08:29:03.788204,,1778,58.13398551940918,50,200,0.8,0.75,0.5,1,20,,0.01,False
2025-04-10T08:29:49.729845,,1766,45.94118309020996,50,200,0.8,0.75,0.75,1,20,,0.01,False
2025-04-10T08:30:27.279139,,1790,37.544848680496216,50,200,0.8,0.75,1,1,20,,0.01,False
2025-04-10T08:31:04.099881,,1767,36.802120208740234,50,200,0.8,1,0.5,1,20,,0.01,False
2025-04-10T08:31:40.454952,,1753,36.35507082939148,50,200,0.8,1,0.75,1,20,,0.01,False
2025-04-10T08:32:34.230306,,1798,53.775354623794556,50,200,0.8,1,1,1,20,,0.01,False
2025-04-10T08:33:44.454780,,1761,70.22447371482849,50,200,0.9,0.5,0.5,1,20,,0.01,False
2025-04-10T08:35:01.863322,,1791,77.40103197097778,50,200,0.9,0.5,0.75,1,20,,0.01,False
2025-04-10T08:36:40.259226,,1873,98.39590334892273,50,200,0.9,0.5,1,1,20,,0.01,False
2025-04-10T08:37:52.575526,,1748,72.31630086898804,50,200,0.9,0.75,0.5,1,20,,0.01,False
2025-04-10T08:39:00.409894,,1787,67.82565999031067,50,200,0.9,0.75,0.75,1,20,,0.01,False
2025-04-10T08:39:55.254894,,1776,54.84034609794617,50,200,0.9,0.75,1,1,20,,0.01,False
2025-04-10T08:40:47.582632,,1764,52.327738761901855,50,200,0.9,1,0.5,1,20,,0.01,False
2025-04-10T08:41:48.891945,,1773,61.3002872467041,50,200,0.9,1,0.75,1,20,,0.01,False
2025-04-10T08:42:50.365265,,1814,61.45770263671875,50,200,0.9,1,1,1,20,,0.01,False
2025-04-10T08:44:35.229551,,1751,104.85952997207642,50,500,0.3,0.5,0.5,1,20,,0.01,False
2025-04-10T08:46:27.572967,,1708,112.34341526031494,50,500,0.3,0.5,0.75,1,20,,0.01,True
2025-04-10T08:48:54.435156,,1737,146.86218976974487,50,500,0.3,0.5,1,1,20,,0.01,False
2025-04-10T08:51:04.246479,,1724,129.80427813529968,50,500,0.3,0.75,0.5,1,20,,0.01,False
2025-04-10T08:53:00.390448,,1762,116.1439688205719,50,500,0.3,0.75,0.75,1,20,,0.01,False
2025-04-10T08:55:01.783051,,1710,121.37704873085022,50,500,0.3,0.75,1,1,20,,0.01,False
2025-04-10T08:57:04.796291,,1711,123.01324081420898,50,500,0.3,1,0.5,1,20,,0.01,False
2025-04-10T08:58:49.799244,,1715,105.0029525756836,50,500,0.3,1,0.75,1,20,,0.01,False
2025-04-10T09:01:19.936580,,1778,150.12171530723572,50,500,0.3,1,1,1,20,,0.01,False
2025-04-10T09:03:24.318024,,1746,124.38144397735596,50,500,0.5,0.5,0.5,1,20,,0.01,False
2025-04-10T09:06:00.266593,,1726,155.94256496429443,50,500,0.5,0.5,0.75,1,20,,0.01,False
2025-04-10T09:09:41.548274,,1734,221.27790331840515,50,500,0.5,0.5,1,1,20,,0.01,False
2025-04-10T09:11:41.770978,,1707,120.22270369529724,50,500,0.5,0.75,0.5,1,20,,0.01,True
2025-04-10T09:15:16.941687,,1731,215.16253519058228,50,500,0.5,0.75,0.75,1,20,,0.01,False
2025-04-10T09:18:40.552609,,1728,203.60176014900208,50,500,0.5,0.75,1,1,20,,0.01,False
2025-04-10T09:22:59.011194,,1762,258.4510715007782,50,500,0.5,1,0.5,1,20,,0.01,False
2025-04-10T09:27:32.719531,,1713,273.7040684223175,50,500,0.5,1,0.75,1,20,,0.01,False
2025-04-10T09:31:27.096683,,1752,234.3609700202942,50,500,0.5,1,1,1,20,,0.01,False
2025-04-10T09:34:58.381073,,1726,211.28439044952393,50,500,0.8,0.5,0.5,1,20,,0.01,False
2025-04-10T09:38:24.518854,,1726,206.13778066635132,50,500,0.8,0.5,0.75,1,20,,0.01,False
2025-04-10T09:42:05.884138,,1729,221.3652844429016,50,500,0.8,0.5,1,1,20,,0.01,False
2025-04-10T09:45:42.653853,,1753,216.75408554077148,50,500,0.8,0.75,0.5,1,20,,0.01,False
2025-04-10T09:49:20.912982,,1766,218.25364351272583,50,500,0.8,0.75,0.75,1,20,,0.01,False
2025-04-10T09:52:50.529112,,1786,209.61613011360168,50,500,0.8,0.75,1,1,20,,0.01,False
2025-04-10T09:55:59.717372,,1770,189.18826007843018,50,500,0.8,1,0.5,1,20,,0.01,False
2025-04-10T09:59:17.598720,,1795,197.86624217033386,50,500,0.8,1,0.75,1,20,,0.01,False
2025-04-10T10:03:02.232088,,1760,224.62435054779053,50,500,0.8,1,1,1,20,,0.01,False
2025-04-10T10:06:28.108513,,1679,205.8764250278473,50,500,0.9,0.5,0.5,1,20,,0.01,True
2025-04-10T10:09:59.389372,,1744,211.2743799686432,50,500,0.9,0.5,0.75,1,20,,0.01,False
2025-04-10T10:13:23.655145,,1748,204.26263284683228,50,500,0.9,0.5,1,1,20,,0.01,False
2025-04-10T10:17:03.216418,,1751,219.5515353679657,50,500,0.9,0.75,0.5,1,20,,0.01,False
2025-04-10T10:20:20.889856,,1739,197.6734380722046,50,500,0.9,0.75,0.75,1,20,,0.01,False
2025-04-10T10:24:31.115376,,1746,250.21658730506897,50,500,0.9,0.75,1,1,20,,0.01,False
2025-04-10T10:27:44.279352,,1737,193.16397619247437,50,500,0.9,1,0.5,1,20,,0.01,False
2025-04-10T10:31:08.668123,,1735,204.38877034187317,50,500,0.9,1,0.75,1,20,,0.01,False
2025-04-10T10:34:23.553818,,1731,194.8700714111328,50,500,0.9,1,1,1,20,,0.01,False
2025-04-10T10:39:06.302851,,1740,282.74903297424316,50,800,0.3,0.5,0.5,1,20,,0.01,False
2025-04-10T10:43:18.318781,,1716,252.0159296989441,50,800,0.3,0.5,0.75,1,20,,0.01,False
2025-04-10T10:48:19.624415,,1742,301.29343461990356,50,800,0.3,0.5,1,1,20,,0.01,False
2025-04-10T10:53:03.500139,,1721,283.87572383880615,50,800,0.3,0.75,0.5,1,20,,0.01,False
2025-04-10T10:57:39.560726,,1746,276.0534334182739,50,800,0.3,0.75,0.75,1,20,,0.01,False
2025-04-10T11:02:44.960016,,1703,305.3992898464203,50,800,0.3,0.75,1,1,20,,0.01,False
2025-04-10T11:06:54.869576,,1749,249.90955996513367,50,800,0.3,1,0.5,1,20,,0.01,False
2025-04-10T11:12:05.164593,,1712,310.2906084060669,50,800,0.3,1,0.75,1,20,,0.01,False
2025-04-10T11:16:33.631743,,1759,268.45611596107483,50,800,0.3,1,1,1,20,,0.01,False
2025-04-10T11:21:51.425962,,1747,317.7868926525116,50,800,0.5,0.5,0.5,1,20,,0.01,False
2025-04-10T11:24:23.055848,,1750,151.61428332328796,50,800,0.5,0.5,0.75,1,20,,0.01,False
2025-04-10T11:26:37.654117,,1732,134.5826873779297,50,800,0.5,0.5,1,1,20,,0.01,False
2025-04-10T11:28:30.803962,,1723,113.1498453617096,50,800,0.5,0.75,0.5,1,20,,0.01,False
2025-04-10T11:30:52.370810,,1688,141.56684732437134,50,800,0.5,0.75,0.75,1,20,,0.01,False
2025-04-10T11:33:32.308064,,1745,159.9372546672821,50,800,0.5,0.75,1,1,20,,0.01,False
2025-04-10T11:35:30.422832,,1736,118.1147677898407,50,800,0.5,1,0.5,1,20,,0.01,False
2025-04-10T11:37:29.164606,,1723,118.74177432060242,50,800,0.5,1,0.75,1,20,,0.01,False
2025-04-10T11:39:39.497540,,1725,130.33293318748474,50,800,0.5,1,1,1,20,,0.01,False
2025-04-10T11:41:25.109801,,1747,105.59666919708252,50,800,0.8,0.5,0.5,1,20,,0.01,False
2025-04-10T11:43:30.798391,,1752,125.6885895729065,50,800,0.8,0.5,0.75,1,20,,0.01,False
2025-04-10T11:46:00.917151,,1739,150.1187605857849,50,800,0.8,0.5,1,1,20,,0.01,False
2025-04-10T11:47:54.697698,,1715,113.78054666519165,50,800,0.8,0.75,0.5,1,20,,0.01,False
2025-04-10T11:49:53.801644,,1758,119.10394620895386,50,800,0.8,0.75,0.75,1,20,,0.01,False
2025-04-10T11:51:56.840556,,1734,123.03891205787659,50,800,0.8,0.75,1,1,20,,0.01,False
2025-04-10T11:54:04.243356,,1703,127.38722038269043,50,800,0.8,1,0.5,1,20,,0.01,False
2025-04-10T11:56:10.221842,,1677,125.97848606109619,50,800,0.8,1,0.75,1,20,,0.01,True
2025-04-10T11:58:25.534002,,1753,135.2965362071991,50,800,0.8,1,1,1,20,,0.01,False
2025-04-10T12:03:36.832793,,1746,138.36764359474182,50,800,0.9,0.5,0.75,1,20,,0.01,False
2025-04-10T13:13:52.856454,,1716,4216.023661136627,50,800,0.9,0.5,1,1,20,,0.01,False
2025-04-10T13:19:54.927012,,1704,362.053936958313,50,800,0.9,0.75,0.5,1,20,,0.01,False
2025-04-10T13:25:31.587155,,1724,336.64985370635986,50,800,0.9,0.75,0.75,1,20,,0.01,False
2025-04-10T13:31:37.340693,,1728,365.753536939621,50,800,0.9,0.75,1,1,20,,0.01,False
2025-04-10T13:37:50.080629,,1721,372.7269036769867,50,800,0.9,1,0.5,1,20,,0.01,False
2025-04-10T13:44:05.249273,,1716,375.1624617576599,50,800,0.9,1,0.75,1,20,,0.01,False
2025-04-10T13:50:00.175770,,1753,354.9264967441559,50,800,0.9,1,1,1,20,,0.01,False
2025-04-10T13:50:57.964617,,1747,57.77838921546936,100,100,0.3,0.5,0.5,1,20,,0.01,False
2025-04-10T13:51:57.833911,,1729,59.86041593551636,100,100,0.3,0.5,0.75,1,20,,0.01,False
2025-04-10T13:52:59.569272,,1718,61.735360860824585,100,100,0.3,0.5,1,1,20,,0.01,False
2025-04-10T13:54:06.439449,,1861,66.85267806053162,100,100,0.3,0.75,0.5,1,20,,0.01,False
2025-04-10T13:55:06.674086,,1794,60.23463702201843,100,100,0.3,0.75,0.75,1,20,,0.01,False
2025-04-10T13:56:09.560216,,1877,62.87807059288025,100,100,0.3,0.75,1,1,20,,0.01,False
2025-04-10T13:57:18.167185,,1751,68.6069688796997,100,100,0.3,1,0.5,1,20,,0.01,False
2025-04-10T13:58:20.968135,,1772,62.800949811935425,100,100,0.3,1,0.75,1,20,,0.01,False
2025-04-10T13:59:38.798172,,1766,77.81443667411804,100,100,0.3,1,1,1,20,,0.01,False
2025-04-10T14:00:39.320089,,1762,60.52191710472107,100,100,0.5,0.5,0.5,1,20,,0.01,False
2025-04-10T14:01:40.106421,,1749,60.770182609558105,100,100,0.5,0.5,0.75,1,20,,0.01,False
2025-04-10T14:02:56.560119,,1766,76.43265223503113,100,100,0.5,0.5,1,1,20,,0.01,False
2025-04-10T14:04:26.005591,,1742,89.44547128677368,100,100,0.5,0.75,0.5,1,20,,0.01,False
2025-04-10T14:05:36.506501,,1732,70.50091052055359,100,100,0.5,0.75,0.75,1,20,,0.01,False
2025-04-10T14:06:52.404615,,1731,75.88576602935791,100,100,0.5,0.75,1,1,20,,0.01,False
2025-04-10T14:07:57.030110,,1754,64.62066078186035,100,100,0.5,1,0.5,1,20,,0.01,False
